{"cameraMode":{"drawMode":0,"name":"Shaded","section":"Shading Mode"},"sceneLighting":true,"audioPlay":false,"sceneViewState":{"showFog":true,"showMaterialUpdate":false,"showSkybox":true,"showFlares":true,"showImageEffects":true,"showParticleSystems":true},"in2DMode":false,"pivot":{"x":16.075380325317384,"y":6.1364593505859379,"z":-15.448174476623536},"rotation":{"x":0.06476866453886032,"y":0.9302453994750977,"z":-0.20060819387435914,"w":0.30034032464027407},"size":248.86019897460938,"orthographic":false}